component,version,origin,used_scope,decision,replacement,source
github.com/gofrs/flock,v0.13.0,baseline-go-direct,locks,replace,stdlib fcntl/msvcrt with handle lifetime,https://github.com/heetbeet/ssh-magic/blob/6c8e1517a236296103f22c9c11fd6f0e3c2db0ac/go.mod
github.com/jpillora/sshd-lite,v1.55.4,baseline-go-direct,embedded SSH server/process attachment,port-used-behavior,focused Python SSH/process server,https://github.com/heetbeet/ssh-magic/blob/6c8e1517a236296103f22c9c11fd6f0e3c2db0ac/go.mod
github.com/pkg/sftp,v1.13.10,baseline-go-direct,SFTP client,port-used-behavior,Python SFTP v3 client,https://github.com/heetbeet/ssh-magic/blob/6c8e1517a236296103f22c9c11fd6f0e3c2db0ac/go.mod
github.com/psanford/wormhole-william,v1.0.8,baseline-go-direct,Wormhole pairing,port-used-behavior,asyncio mailbox/PAKE/phase implementation,https://github.com/heetbeet/ssh-magic/blob/6c8e1517a236296103f22c9c11fd6f0e3c2db0ac/go.mod
golang.org/x/crypto,v0.54.0,baseline-go-direct,SSH/signatures/KEX/ciphers,port-used-algorithms,Python ports plus stdlib hash/hmac,https://github.com/heetbeet/ssh-magic/blob/6c8e1517a236296103f22c9c11fd6f0e3c2db0ac/go.mod
golang.org/x/sys,v0.47.0,baseline-go-direct,OS native integration,port-used-os-wrappers,stdlib OS adapters/ctypes; manual protected admin launch,https://github.com/heetbeet/ssh-magic/blob/6c8e1517a236296103f22c9c11fd6f0e3c2db0ac/go.mod
golang.org/x/term,v0.45.0,baseline-go-direct,terminal behavior,omit-unused-behavior,"binary pipes, no PTY in v1",https://github.com/heetbeet/ssh-magic/blob/6c8e1517a236296103f22c9c11fd6f0e3c2db0ac/go.mod
github.com/aymanbagabas/go-osc52/v2,v2.0.1,baseline-go-indirect,terminal clipboard,omit,no clipboard integration,https://github.com/heetbeet/ssh-magic/blob/6c8e1517a236296103f22c9c11fd6f0e3c2db0ac/go.mod
github.com/creack/pty,v1.1.24,baseline-go-indirect,pseudo-terminal support,omit,PTY explicitly excluded,https://github.com/heetbeet/ssh-magic/blob/6c8e1517a236296103f22c9c11fd6f0e3c2db0ac/go.mod
github.com/jpillora/jplog,v1.0.2,baseline-go-indirect,logging,replace,stdlib logging without import configuration,https://github.com/heetbeet/ssh-magic/blob/6c8e1517a236296103f22c9c11fd6f0e3c2db0ac/go.mod
github.com/jpillora/sftp,v1.13.15,baseline-go-indirect,SFTP server,port-used-behavior,Python SFTP v3 server,https://github.com/heetbeet/ssh-magic/blob/6c8e1517a236296103f22c9c11fd6f0e3c2db0ac/go.mod
github.com/klauspost/compress,v1.17.11,baseline-go-indirect,compression in dependency graph,omit,SSH/WS compression disabled,https://github.com/heetbeet/ssh-magic/blob/6c8e1517a236296103f22c9c11fd6f0e3c2db0ac/go.mod
github.com/kr/fs,v0.1.0,baseline-go-indirect,file walking used by upstream SFTP,replace-used-behavior,bounded os/scandir operations,https://github.com/heetbeet/ssh-magic/blob/6c8e1517a236296103f22c9c11fd6f0e3c2db0ac/go.mod
github.com/lucasb-eyer/go-colorful,v1.4.0,baseline-go-indirect,terminal color,omit,plain console,https://github.com/heetbeet/ssh-magic/blob/6c8e1517a236296103f22c9c11fd6f0e3c2db0ac/go.mod
github.com/mattn/go-isatty,v0.0.24,baseline-go-indirect,TTY checks,replace-used-behavior,stdlib stream.isatty/getpass,https://github.com/heetbeet/ssh-magic/blob/6c8e1517a236296103f22c9c11fd6f0e3c2db0ac/go.mod
github.com/muesli/termenv,v0.16.0,baseline-go-indirect,terminal formatting,omit,plain console,https://github.com/heetbeet/ssh-magic/blob/6c8e1517a236296103f22c9c11fd6f0e3c2db0ac/go.mod
github.com/rivo/uniseg,v0.4.7,baseline-go-indirect,terminal text segmentation,omit,no terminal layout engine,https://github.com/heetbeet/ssh-magic/blob/6c8e1517a236296103f22c9c11fd6f0e3c2db0ac/go.mod
nhooyr.io/websocket,v1.8.17,baseline-go-indirect,WebSocket framing,replace,audited wsproto+h11,https://github.com/heetbeet/ssh-magic/blob/6c8e1517a236296103f22c9c11fd6f0e3c2db0ac/go.mod
salsa.debian.org/vasudev/gospake2,v0.0.0-20210510093858-d91629950ad1,baseline-go-indirect,SPAKE2,port-protocol,selected python-spake2 port with stdlib HKDF,https://github.com/heetbeet/ssh-magic/blob/6c8e1517a236296103f22c9c11fd6f0e3c2db0ac/go.mod
iroh-ssh,0.2.12,baseline-native-helper,authenticated byte transport,replace,Magic Wormhole Transit,https://github.com/rustonbsd/iroh-ssh/tree/c799cfd1f9ef7ba2b199c46f311206415b681f38
Go runtime,go.mod 1.26.5,baseline-runtime,Go runtime/stdlib,replace,supported CPython/stdlib,https://github.com/heetbeet/ssh-magic/tree/6c8e1517a236296103f22c9c11fd6f0e3c2db0ac
Windows ACL/token/UAC/Job Objects,OS API,baseline-native-api,state protection/elevation/containment,port-used-os-wrappers,stdlib ctypes token/DACL/Job Object wrappers; manual protected admin launch,files-processes-platforms.html
Linux prctl parent-death,OS API,baseline-native-api,forced-host-death direct-worker cleanup,replace-with-stdlib,Unix pipe EOF watcher in owned Python process group; descendant limits explicit,files-processes-platforms.html
magic-wormhole,cc6160670bf7faaab52ba307e3f8ba95e80529fe,python-candidate,mailbox/client reference,port-used-behavior,asyncio selected functions; exclude native dependency graph,https://github.com/magic-wormhole/magic-wormhole/tree/cc6160670bf7faaab52ba307e3f8ba95e80529fe
python-spake2,a13d32d2b6cc5945eca182c4f89b6b4bafb2d78a,python-candidate,SPAKE symmetric/group/HKDF,port-selected-source,vendored attributed Python port; no cryptography import,https://github.com/warner/python-spake2/tree/a13d32d2b6cc5945eca182c4f89b6b4bafb2d78a
python-pure25519,c88a6aeee0653c46c429f096ec3090388f77525a,python-reference,Edwards group/Ed25519,reference-or-port-selected-source,strict Ed25519 review; not its sample DH,https://github.com/warner/python-pure25519/tree/c88a6aeee0653c46c429f096ec3090388f77525a
PyNaCl/libsodium,75c6d5520a3b99790696d98b554673697c71c5cc,native-reference,SecretBox compatibility,port-used-algorithms,Python XSalsa20/HSalsa20/Poly1305; development differential peer,https://github.com/jedisct1/libsodium/tree/75c6d5520a3b99790696d98b554673697c71c5cc
cryptography,upstream-required,native-candidate-dependency,raw crypto/TLS/HKDF,exclude,stdlib ssl/hash/hmac plus selected Python operations,https://github.com/magic-wormhole/magic-wormhole/tree/cc6160670bf7faaab52ba307e3f8ba95e80529fe
Twisted/Autobahn/automat/attrs/zope,upstream graph,python-candidate-framework,reference client plumbing,replace,asyncio/dataclasses/small state machine/wsproto,https://github.com/magic-wormhole/magic-wormhole/tree/cc6160670bf7faaab52ba307e3f8ba95e80529fe
pywin32,upstream-required-on-Windows,native-candidate-dependency,Windows reference client integration,exclude,conditional stdlib adapters only,https://github.com/magic-wormhole/magic-wormhole/tree/cc6160670bf7faaab52ba307e3f8ba95e80529fe
noiseprotocol/Dilation,optional upstream,python-candidate-feature,multiplex/resume,omit,SSH channels; explicit reconnect without replay,https://github.com/magic-wormhole/magic-wormhole/tree/cc6160670bf7faaab52ba307e3f8ba95e80529fe
wormhole CLI dependencies,upstream setup.py,python-candidate-feature,click/progress/Tor/ZIP/QR/file transfer,omit,only selected SSH pairing/protocol functionality,https://github.com/magic-wormhole/magic-wormhole/tree/cc6160670bf7faaab52ba307e3f8ba95e80529fe
AsyncSSH,b5f0c93a6fdb4bf86e491bde35284d82346c1a67,python-candidate,full SSH framework,exclude-runtime,independent development peer only,https://github.com/ronf/asyncssh/tree/b5f0c93a6fdb4bf86e491bde35284d82346c1a67
Paramiko,142f593e40ad767c5e3556cbace66dc84589620c,python-candidate,SSH client,exclude-runtime,independent development peer only,https://github.com/paramiko/paramiko/tree/142f593e40ad767c5e3556cbace66dc84589620c
bcrypt,Paramiko required,native-candidate-dependency,encrypted key KDF,exclude,no encrypted OpenSSH key import; vault uses stdlib scrypt,https://github.com/paramiko/paramiko/tree/142f593e40ad767c5e3556cbace66dc84589620c
tlslite-ng,7e95ea1a86c0d42d8d931ff14134d31f01ce1d76,python-candidate,TLS port,unnecessary,permitted standard-library ssl,https://github.com/tlsfuzzer/tlslite-ng/tree/7e95ea1a86c0d42d8d931ff14134d31f01ce1d76
wsproto,5e0685d0740ec30716897442f336de1118f5f40a,proposed-runtime,WebSockets,import-after-source-audit,pure Python dependency; release version still to select,https://github.com/python-hyper/wsproto/tree/5e0685d0740ec30716897442f336de1118f5f40a
h11,62c5068c971579d61fa1b55373390e12f25fd856,proposed-runtime-transitive,HTTP upgrade,import-after-source-audit,pure Python dependency; release version still to select,https://github.com/python-hyper/h11/tree/62c5068c971579d61fa1b55373390e12f25fd856
standard library ssl,CPython 3.12.14-3.14,permitted-runtime,TLS and certificate validation,import,native internals expressly allowed,https://docs.python.org/3/library/ssl.html
standard library hashlib/hmac/secrets,CPython 3.12.14-3.14,permitted-runtime,SHA/HKDF/entropy/vault KDF,import,scrypt capability checked only when needed,https://docs.python.org/3/library/hashlib.html
standard library sockets/asyncio/subprocess/files,CPython 3.12.14-3.14,permitted-runtime,network/OS payload/files,import,OS differences handled explicitly,https://docs.python.org/3/library/asyncio-platforms.html
standard library ctypes,CPython 3.12.14-3.14,permitted-os-adapter,built-in Windows token/ACL/jobs only,import-conditionally,no third-party crypto/transport/library loading,https://docs.python.org/3/library/ctypes.html
OS shell,installed OS,payload-endpoint,authorized commands,explicit-external-payload,default shell or caller executor; no protocol helper,files-processes-platforms.html
OpenSSH,d549f99da344c178c5f632a62a6aa60544d7236e,development-reference,protocol/cipher/SFTP/optional operator client,port-used-profile,core Python implementation; native client explicit only,https://github.com/openssh/openssh-portable/tree/d549f99da344c178c5f632a62a6aa60544d7236e
Mailbox/Transit services,6d50be62c118df74d8f0a042662fbc407dfd5849,external-infrastructure,internet rendezvous/byte forwarding,interoperate-and-specify-python-port,public/owned services; optional source-only relay module,https://github.com/magic-wormhole/magic-wormhole-transit-relay/tree/6d50be62c118df74d8f0a042662fbc407dfd5849
