name,version,source,decision,usage_evidence
addr2line,0.25.1,registry+https://github.com/rust-lang/crates.io-index,Excluded with Iroh transport replacement,Present in audited Cargo.lock; specific runtime path not individually established
adler2,2.0.1,registry+https://github.com/rust-lang/crates.io-index,Excluded with Iroh transport replacement,Present in audited Cargo.lock; specific runtime path not individually established
aead,0.6.0-rc.2,registry+https://github.com/rust-lang/crates.io-index,Excluded with Iroh transport replacement,Present in audited Cargo.lock; specific runtime path not individually established
aho-corasick,1.1.4,registry+https://github.com/rust-lang/crates.io-index,Excluded with Iroh transport replacement,Present in audited Cargo.lock; specific runtime path not individually established
allocator-api2,0.2.21,registry+https://github.com/rust-lang/crates.io-index,Excluded with Iroh transport replacement,Present in audited Cargo.lock; specific runtime path not individually established
android_system_properties,0.1.5,registry+https://github.com/rust-lang/crates.io-index,Excluded with Iroh transport replacement,Present in audited Cargo.lock; specific runtime path not individually established
anstream,1.0.0,registry+https://github.com/rust-lang/crates.io-index,Excluded with Iroh transport replacement,Present in audited Cargo.lock; specific runtime path not individually established
anstyle,1.0.14,registry+https://github.com/rust-lang/crates.io-index,Excluded with Iroh transport replacement,Present in audited Cargo.lock; specific runtime path not individually established
anstyle-parse,1.0.0,registry+https://github.com/rust-lang/crates.io-index,Excluded with Iroh transport replacement,Present in audited Cargo.lock; specific runtime path not individually established
anstyle-query,1.1.5,registry+https://github.com/rust-lang/crates.io-index,Excluded with Iroh transport replacement,Present in audited Cargo.lock; specific runtime path not individually established
anstyle-wincon,3.0.11,registry+https://github.com/rust-lang/crates.io-index,Excluded with Iroh transport replacement,Present in audited Cargo.lock; specific runtime path not individually established
anyhow,1.0.102,registry+https://github.com/rust-lang/crates.io-index,Excluded with Iroh transport replacement,Present in audited Cargo.lock; specific runtime path not individually established
arrayref,0.3.9,registry+https://github.com/rust-lang/crates.io-index,Excluded with Iroh transport replacement,Present in audited Cargo.lock; specific runtime path not individually established
arrayvec,0.7.6,registry+https://github.com/rust-lang/crates.io-index,Excluded with Iroh transport replacement,Present in audited Cargo.lock; specific runtime path not individually established
async-compat,0.2.5,registry+https://github.com/rust-lang/crates.io-index,Excluded with Iroh transport replacement,Present in audited Cargo.lock; specific runtime path not individually established
async-trait,0.1.89,registry+https://github.com/rust-lang/crates.io-index,Excluded with Iroh transport replacement,Present in audited Cargo.lock; specific runtime path not individually established
async_io_stream,0.3.3,registry+https://github.com/rust-lang/crates.io-index,Excluded with Iroh transport replacement,Present in audited Cargo.lock; specific runtime path not individually established
atomic-polyfill,1.0.3,registry+https://github.com/rust-lang/crates.io-index,Excluded with Iroh transport replacement,Present in audited Cargo.lock; specific runtime path not individually established
atomic-waker,1.1.2,registry+https://github.com/rust-lang/crates.io-index,Excluded with Iroh transport replacement,Present in audited Cargo.lock; specific runtime path not individually established
attohttpc,0.30.1,registry+https://github.com/rust-lang/crates.io-index,Excluded with Iroh transport replacement,Present in audited Cargo.lock; specific runtime path not individually established
autocfg,1.5.1,registry+https://github.com/rust-lang/crates.io-index,Excluded with Iroh transport replacement,Present in audited Cargo.lock; specific runtime path not individually established
aws-lc-rs,1.17.0,registry+https://github.com/rust-lang/crates.io-index,Excluded with Iroh transport replacement,Present in audited Cargo.lock; specific runtime path not individually established
aws-lc-sys,0.41.0,registry+https://github.com/rust-lang/crates.io-index,Excluded with Iroh transport replacement,Present in audited Cargo.lock; specific runtime path not individually established
backon,1.6.0,registry+https://github.com/rust-lang/crates.io-index,Excluded with Iroh transport replacement,Present in audited Cargo.lock; specific runtime path not individually established
backtrace,0.3.76,registry+https://github.com/rust-lang/crates.io-index,Excluded with Iroh transport replacement,Present in audited Cargo.lock; specific runtime path not individually established
base16ct,1.0.0,registry+https://github.com/rust-lang/crates.io-index,Excluded with Iroh transport replacement,Present in audited Cargo.lock; specific runtime path not individually established
base32,0.5.1,registry+https://github.com/rust-lang/crates.io-index,Excluded with Iroh transport replacement,Present in audited Cargo.lock; specific runtime path not individually established
base64,0.22.1,registry+https://github.com/rust-lang/crates.io-index,Excluded with Iroh transport replacement,Present in audited Cargo.lock; specific runtime path not individually established
base64ct,1.8.3,registry+https://github.com/rust-lang/crates.io-index,Excluded with Iroh transport replacement,Present in audited Cargo.lock; specific runtime path not individually established
bitflags,2.12.1,registry+https://github.com/rust-lang/crates.io-index,Excluded with Iroh transport replacement,Present in audited Cargo.lock; specific runtime path not individually established
blake3,1.8.5,registry+https://github.com/rust-lang/crates.io-index,Excluded with Iroh transport replacement,Present in audited Cargo.lock; specific runtime path not individually established
block-buffer,0.11.0,registry+https://github.com/rust-lang/crates.io-index,Excluded with Iroh transport replacement,Present in audited Cargo.lock; specific runtime path not individually established
btparse,0.2.0,registry+https://github.com/rust-lang/crates.io-index,Excluded with Iroh transport replacement,Present in audited Cargo.lock; specific runtime path not individually established
bumpalo,3.20.3,registry+https://github.com/rust-lang/crates.io-index,Excluded with Iroh transport replacement,Present in audited Cargo.lock; specific runtime path not individually established
byteorder,1.5.0,registry+https://github.com/rust-lang/crates.io-index,Excluded with Iroh transport replacement,Present in audited Cargo.lock; specific runtime path not individually established
bytes,1.11.1,registry+https://github.com/rust-lang/crates.io-index,Excluded with Iroh transport replacement,Present in audited Cargo.lock; specific runtime path not individually established
cc,1.2.63,registry+https://github.com/rust-lang/crates.io-index,Excluded with Iroh transport replacement,Present in audited Cargo.lock; specific runtime path not individually established
cesu8,1.1.0,registry+https://github.com/rust-lang/crates.io-index,Excluded with Iroh transport replacement,Present in audited Cargo.lock; specific runtime path not individually established
cfg-if,1.0.4,registry+https://github.com/rust-lang/crates.io-index,Excluded with Iroh transport replacement,Present in audited Cargo.lock; specific runtime path not individually established
cfg_aliases,0.2.1,registry+https://github.com/rust-lang/crates.io-index,Excluded with Iroh transport replacement,Present in audited Cargo.lock; specific runtime path not individually established
chacha20,0.10.0-rc.2,registry+https://github.com/rust-lang/crates.io-index,Excluded with Iroh transport replacement,Present in audited Cargo.lock; specific runtime path not individually established
chrono,0.4.45,registry+https://github.com/rust-lang/crates.io-index,Excluded with Iroh transport replacement,Present in audited Cargo.lock; specific runtime path not individually established
cipher,0.5.0-rc.1,registry+https://github.com/rust-lang/crates.io-index,Excluded with Iroh transport replacement,Present in audited Cargo.lock; specific runtime path not individually established
clap,4.6.1,registry+https://github.com/rust-lang/crates.io-index,Excluded with Iroh transport replacement,Present in audited Cargo.lock; specific runtime path not individually established
clap_builder,4.6.0,registry+https://github.com/rust-lang/crates.io-index,Excluded with Iroh transport replacement,Present in audited Cargo.lock; specific runtime path not individually established
clap_derive,4.6.1,registry+https://github.com/rust-lang/crates.io-index,Excluded with Iroh transport replacement,Present in audited Cargo.lock; specific runtime path not individually established
clap_lex,1.1.0,registry+https://github.com/rust-lang/crates.io-index,Excluded with Iroh transport replacement,Present in audited Cargo.lock; specific runtime path not individually established
cmake,0.1.58,registry+https://github.com/rust-lang/crates.io-index,Excluded with Iroh transport replacement,Present in audited Cargo.lock; specific runtime path not individually established
cobs,0.3.0,registry+https://github.com/rust-lang/crates.io-index,Excluded with Iroh transport replacement,Present in audited Cargo.lock; specific runtime path not individually established
color-backtrace,0.7.1,registry+https://github.com/rust-lang/crates.io-index,Excluded with Iroh transport replacement,Present in audited Cargo.lock; specific runtime path not individually established
colorchoice,1.0.5,registry+https://github.com/rust-lang/crates.io-index,Excluded with Iroh transport replacement,Present in audited Cargo.lock; specific runtime path not individually established
combine,4.6.7,registry+https://github.com/rust-lang/crates.io-index,Excluded with Iroh transport replacement,Present in audited Cargo.lock; specific runtime path not individually established
const-oid,0.10.2,registry+https://github.com/rust-lang/crates.io-index,Excluded with Iroh transport replacement,Present in audited Cargo.lock; specific runtime path not individually established
constant_time_eq,0.4.2,registry+https://github.com/rust-lang/crates.io-index,Excluded with Iroh transport replacement,Present in audited Cargo.lock; specific runtime path not individually established
convert_case,0.10.0,registry+https://github.com/rust-lang/crates.io-index,Excluded with Iroh transport replacement,Present in audited Cargo.lock; specific runtime path not individually established
cordyceps,0.3.4,registry+https://github.com/rust-lang/crates.io-index,Excluded with Iroh transport replacement,Present in audited Cargo.lock; specific runtime path not individually established
core-foundation,0.10.1,registry+https://github.com/rust-lang/crates.io-index,Excluded with Iroh transport replacement,Present in audited Cargo.lock; specific runtime path not individually established
core-foundation,0.9.4,registry+https://github.com/rust-lang/crates.io-index,Excluded with Iroh transport replacement,Present in audited Cargo.lock; specific runtime path not individually established
core-foundation-sys,0.8.7,registry+https://github.com/rust-lang/crates.io-index,Excluded with Iroh transport replacement,Present in audited Cargo.lock; specific runtime path not individually established
cpufeatures,0.2.17,registry+https://github.com/rust-lang/crates.io-index,Excluded with Iroh transport replacement,Present in audited Cargo.lock; specific runtime path not individually established
cpufeatures,0.3.0,registry+https://github.com/rust-lang/crates.io-index,Excluded with Iroh transport replacement,Present in audited Cargo.lock; specific runtime path not individually established
critical-section,1.2.0,registry+https://github.com/rust-lang/crates.io-index,Excluded with Iroh transport replacement,Present in audited Cargo.lock; specific runtime path not individually established
crossbeam-channel,0.5.15,registry+https://github.com/rust-lang/crates.io-index,Excluded with Iroh transport replacement,Present in audited Cargo.lock; specific runtime path not individually established
crossbeam-epoch,0.9.18,registry+https://github.com/rust-lang/crates.io-index,Excluded with Iroh transport replacement,Present in audited Cargo.lock; specific runtime path not individually established
crossbeam-utils,0.8.21,registry+https://github.com/rust-lang/crates.io-index,Excluded with Iroh transport replacement,Present in audited Cargo.lock; specific runtime path not individually established
crypto-common,0.2.0-rc.4,registry+https://github.com/rust-lang/crates.io-index,Excluded with Iroh transport replacement,Present in audited Cargo.lock; specific runtime path not individually established
crypto_box,0.10.0-pre.0,registry+https://github.com/rust-lang/crates.io-index,Excluded with Iroh transport replacement,Present in audited Cargo.lock; specific runtime path not individually established
crypto_secretbox,0.2.0-pre.0,registry+https://github.com/rust-lang/crates.io-index,Excluded with Iroh transport replacement,Present in audited Cargo.lock; specific runtime path not individually established
curve25519-dalek,5.0.0-pre.1,registry+https://github.com/rust-lang/crates.io-index,Excluded with Iroh transport replacement,Present in audited Cargo.lock; specific runtime path not individually established
curve25519-dalek-derive,0.1.1,registry+https://github.com/rust-lang/crates.io-index,Excluded with Iroh transport replacement,Present in audited Cargo.lock; specific runtime path not individually established
data-encoding,2.11.0,registry+https://github.com/rust-lang/crates.io-index,Excluded with Iroh transport replacement,Present in audited Cargo.lock; specific runtime path not individually established
der,0.8.0,registry+https://github.com/rust-lang/crates.io-index,Excluded with Iroh transport replacement,Present in audited Cargo.lock; specific runtime path not individually established
deranged,0.5.8,registry+https://github.com/rust-lang/crates.io-index,Excluded with Iroh transport replacement,Present in audited Cargo.lock; specific runtime path not individually established
derive_more,2.1.1,registry+https://github.com/rust-lang/crates.io-index,Excluded with Iroh transport replacement,Present in audited Cargo.lock; specific runtime path not individually established
derive_more-impl,2.1.1,registry+https://github.com/rust-lang/crates.io-index,Excluded with Iroh transport replacement,Present in audited Cargo.lock; specific runtime path not individually established
diatomic-waker,0.2.3,registry+https://github.com/rust-lang/crates.io-index,Excluded with Iroh transport replacement,Present in audited Cargo.lock; specific runtime path not individually established
digest,0.11.0-rc.3,registry+https://github.com/rust-lang/crates.io-index,Excluded with Iroh transport replacement,Present in audited Cargo.lock; specific runtime path not individually established
displaydoc,0.2.6,registry+https://github.com/rust-lang/crates.io-index,Excluded with Iroh transport replacement,Present in audited Cargo.lock; specific runtime path not individually established
dlopen2,0.5.0,registry+https://github.com/rust-lang/crates.io-index,Excluded with Iroh transport replacement,Present in audited Cargo.lock; specific runtime path not individually established
document-features,0.2.12,registry+https://github.com/rust-lang/crates.io-index,Excluded with Iroh transport replacement,Present in audited Cargo.lock; specific runtime path not individually established
dunce,1.0.5,registry+https://github.com/rust-lang/crates.io-index,Excluded with Iroh transport replacement,Present in audited Cargo.lock; specific runtime path not individually established
dyn-clone,1.0.20,registry+https://github.com/rust-lang/crates.io-index,Excluded with Iroh transport replacement,Present in audited Cargo.lock; specific runtime path not individually established
ed25519,3.0.0-rc.4,registry+https://github.com/rust-lang/crates.io-index,Excluded with Iroh transport replacement,Present in audited Cargo.lock; specific runtime path not individually established
ed25519-dalek,3.0.0-pre.1,registry+https://github.com/rust-lang/crates.io-index,Excluded with Iroh transport replacement,Present in audited Cargo.lock; specific runtime path not individually established
either,1.16.0,registry+https://github.com/rust-lang/crates.io-index,Excluded with Iroh transport replacement,Present in audited Cargo.lock; specific runtime path not individually established
embedded-io,0.4.0,registry+https://github.com/rust-lang/crates.io-index,Excluded with Iroh transport replacement,Present in audited Cargo.lock; specific runtime path not individually established
embedded-io,0.6.1,registry+https://github.com/rust-lang/crates.io-index,Excluded with Iroh transport replacement,Present in audited Cargo.lock; specific runtime path not individually established
enum-as-inner,0.6.1,registry+https://github.com/rust-lang/crates.io-index,Excluded with Iroh transport replacement,Present in audited Cargo.lock; specific runtime path not individually established
equivalent,1.0.2,registry+https://github.com/rust-lang/crates.io-index,Excluded with Iroh transport replacement,Present in audited Cargo.lock; specific runtime path not individually established
errno,0.3.14,registry+https://github.com/rust-lang/crates.io-index,Excluded with Iroh transport replacement,Present in audited Cargo.lock; specific runtime path not individually established
fastrand,2.4.1,registry+https://github.com/rust-lang/crates.io-index,Excluded with Iroh transport replacement,Present in audited Cargo.lock; specific runtime path not individually established
fiat-crypto,0.3.0,registry+https://github.com/rust-lang/crates.io-index,Excluded with Iroh transport replacement,Present in audited Cargo.lock; specific runtime path not individually established
find-msvc-tools,0.1.9,registry+https://github.com/rust-lang/crates.io-index,Excluded with Iroh transport replacement,Present in audited Cargo.lock; specific runtime path not individually established
fnv,1.0.7,registry+https://github.com/rust-lang/crates.io-index,Excluded with Iroh transport replacement,Present in audited Cargo.lock; specific runtime path not individually established
foldhash,0.1.5,registry+https://github.com/rust-lang/crates.io-index,Excluded with Iroh transport replacement,Present in audited Cargo.lock; specific runtime path not individually established
foldhash,0.2.0,registry+https://github.com/rust-lang/crates.io-index,Excluded with Iroh transport replacement,Present in audited Cargo.lock; specific runtime path not individually established
form_urlencoded,1.2.2,registry+https://github.com/rust-lang/crates.io-index,Excluded with Iroh transport replacement,Present in audited Cargo.lock; specific runtime path not individually established
fs_extra,1.3.0,registry+https://github.com/rust-lang/crates.io-index,Excluded with Iroh transport replacement,Present in audited Cargo.lock; specific runtime path not individually established
futures,0.3.32,registry+https://github.com/rust-lang/crates.io-index,Excluded with Iroh transport replacement,Present in audited Cargo.lock; specific runtime path not individually established
futures-buffered,0.2.13,registry+https://github.com/rust-lang/crates.io-index,Excluded with Iroh transport replacement,Present in audited Cargo.lock; specific runtime path not individually established
futures-channel,0.3.32,registry+https://github.com/rust-lang/crates.io-index,Excluded with Iroh transport replacement,Present in audited Cargo.lock; specific runtime path not individually established
futures-core,0.3.32,registry+https://github.com/rust-lang/crates.io-index,Excluded with Iroh transport replacement,Present in audited Cargo.lock; specific runtime path not individually established
futures-executor,0.3.32,registry+https://github.com/rust-lang/crates.io-index,Excluded with Iroh transport replacement,Present in audited Cargo.lock; specific runtime path not individually established
futures-io,0.3.32,registry+https://github.com/rust-lang/crates.io-index,Excluded with Iroh transport replacement,Present in audited Cargo.lock; specific runtime path not individually established
futures-lite,2.6.1,registry+https://github.com/rust-lang/crates.io-index,Excluded with Iroh transport replacement,Present in audited Cargo.lock; specific runtime path not individually established
futures-macro,0.3.32,registry+https://github.com/rust-lang/crates.io-index,Excluded with Iroh transport replacement,Present in audited Cargo.lock; specific runtime path not individually established
futures-sink,0.3.32,registry+https://github.com/rust-lang/crates.io-index,Excluded with Iroh transport replacement,Present in audited Cargo.lock; specific runtime path not individually established
futures-task,0.3.32,registry+https://github.com/rust-lang/crates.io-index,Excluded with Iroh transport replacement,Present in audited Cargo.lock; specific runtime path not individually established
futures-util,0.3.32,registry+https://github.com/rust-lang/crates.io-index,Excluded with Iroh transport replacement,Present in audited Cargo.lock; specific runtime path not individually established
generator,0.8.9,registry+https://github.com/rust-lang/crates.io-index,Excluded with Iroh transport replacement,Present in audited Cargo.lock; specific runtime path not individually established
getrandom,0.2.17,registry+https://github.com/rust-lang/crates.io-index,Excluded with Iroh transport replacement,Present in audited Cargo.lock; specific runtime path not individually established
getrandom,0.3.4,registry+https://github.com/rust-lang/crates.io-index,Excluded with Iroh transport replacement,Present in audited Cargo.lock; specific runtime path not individually established
getrandom,0.4.2,registry+https://github.com/rust-lang/crates.io-index,Excluded with Iroh transport replacement,Present in audited Cargo.lock; specific runtime path not individually established
gimli,0.32.3,registry+https://github.com/rust-lang/crates.io-index,Excluded with Iroh transport replacement,Present in audited Cargo.lock; specific runtime path not individually established
gloo-timers,0.3.0,registry+https://github.com/rust-lang/crates.io-index,Excluded with Iroh transport replacement,Present in audited Cargo.lock; specific runtime path not individually established
h2,0.4.14,registry+https://github.com/rust-lang/crates.io-index,Excluded with Iroh transport replacement,Present in audited Cargo.lock; specific runtime path not individually established
hash32,0.2.1,registry+https://github.com/rust-lang/crates.io-index,Excluded with Iroh transport replacement,Present in audited Cargo.lock; specific runtime path not individually established
hashbrown,0.15.5,registry+https://github.com/rust-lang/crates.io-index,Excluded with Iroh transport replacement,Present in audited Cargo.lock; specific runtime path not individually established
hashbrown,0.16.1,registry+https://github.com/rust-lang/crates.io-index,Excluded with Iroh transport replacement,Present in audited Cargo.lock; specific runtime path not individually established
hashbrown,0.17.1,registry+https://github.com/rust-lang/crates.io-index,Excluded with Iroh transport replacement,Present in audited Cargo.lock; specific runtime path not individually established
heapless,0.7.17,registry+https://github.com/rust-lang/crates.io-index,Excluded with Iroh transport replacement,Present in audited Cargo.lock; specific runtime path not individually established
heck,0.5.0,registry+https://github.com/rust-lang/crates.io-index,Excluded with Iroh transport replacement,Present in audited Cargo.lock; specific runtime path not individually established
hickory-proto,0.25.2,registry+https://github.com/rust-lang/crates.io-index,Excluded with Iroh transport replacement,Present in audited Cargo.lock; specific runtime path not individually established
hickory-resolver,0.25.2,registry+https://github.com/rust-lang/crates.io-index,Excluded with Iroh transport replacement,Present in audited Cargo.lock; specific runtime path not individually established
home,0.5.12,registry+https://github.com/rust-lang/crates.io-index,Excluded with Iroh transport replacement,Present in audited Cargo.lock; specific runtime path not individually established
homedir,0.3.6,registry+https://github.com/rust-lang/crates.io-index,Excluded with Iroh transport replacement,Present in audited Cargo.lock; specific runtime path not individually established
http,1.4.1,registry+https://github.com/rust-lang/crates.io-index,Excluded with Iroh transport replacement,Present in audited Cargo.lock; specific runtime path not individually established
http-body,1.0.1,registry+https://github.com/rust-lang/crates.io-index,Excluded with Iroh transport replacement,Present in audited Cargo.lock; specific runtime path not individually established
http-body-util,0.1.3,registry+https://github.com/rust-lang/crates.io-index,Excluded with Iroh transport replacement,Present in audited Cargo.lock; specific runtime path not individually established
httparse,1.10.1,registry+https://github.com/rust-lang/crates.io-index,Excluded with Iroh transport replacement,Present in audited Cargo.lock; specific runtime path not individually established
httpdate,1.0.3,registry+https://github.com/rust-lang/crates.io-index,Excluded with Iroh transport replacement,Present in audited Cargo.lock; specific runtime path not individually established
hybrid-array,0.4.12,registry+https://github.com/rust-lang/crates.io-index,Excluded with Iroh transport replacement,Present in audited Cargo.lock; specific runtime path not individually established
hyper,1.10.1,registry+https://github.com/rust-lang/crates.io-index,Excluded with Iroh transport replacement,Present in audited Cargo.lock; specific runtime path not individually established
hyper-rustls,0.27.9,registry+https://github.com/rust-lang/crates.io-index,Excluded with Iroh transport replacement,Present in audited Cargo.lock; specific runtime path not individually established
hyper-util,0.1.20,registry+https://github.com/rust-lang/crates.io-index,Excluded with Iroh transport replacement,Present in audited Cargo.lock; specific runtime path not individually established
iana-time-zone,0.1.65,registry+https://github.com/rust-lang/crates.io-index,Excluded with Iroh transport replacement,Present in audited Cargo.lock; specific runtime path not individually established
iana-time-zone-haiku,0.1.2,registry+https://github.com/rust-lang/crates.io-index,Excluded with Iroh transport replacement,Present in audited Cargo.lock; specific runtime path not individually established
icu_collections,2.2.0,registry+https://github.com/rust-lang/crates.io-index,Excluded with Iroh transport replacement,Present in audited Cargo.lock; specific runtime path not individually established
icu_locale_core,2.2.0,registry+https://github.com/rust-lang/crates.io-index,Excluded with Iroh transport replacement,Present in audited Cargo.lock; specific runtime path not individually established
icu_normalizer,2.2.0,registry+https://github.com/rust-lang/crates.io-index,Excluded with Iroh transport replacement,Present in audited Cargo.lock; specific runtime path not individually established
icu_normalizer_data,2.2.0,registry+https://github.com/rust-lang/crates.io-index,Excluded with Iroh transport replacement,Present in audited Cargo.lock; specific runtime path not individually established
icu_properties,2.2.0,registry+https://github.com/rust-lang/crates.io-index,Excluded with Iroh transport replacement,Present in audited Cargo.lock; specific runtime path not individually established
icu_properties_data,2.2.0,registry+https://github.com/rust-lang/crates.io-index,Excluded with Iroh transport replacement,Present in audited Cargo.lock; specific runtime path not individually established
icu_provider,2.2.0,registry+https://github.com/rust-lang/crates.io-index,Excluded with Iroh transport replacement,Present in audited Cargo.lock; specific runtime path not individually established
id-arena,2.3.0,registry+https://github.com/rust-lang/crates.io-index,Excluded with Iroh transport replacement,Present in audited Cargo.lock; specific runtime path not individually established
idna,1.1.0,registry+https://github.com/rust-lang/crates.io-index,Excluded with Iroh transport replacement,Present in audited Cargo.lock; specific runtime path not individually established
idna_adapter,1.2.2,registry+https://github.com/rust-lang/crates.io-index,Excluded with Iroh transport replacement,Present in audited Cargo.lock; specific runtime path not individually established
igd-next,0.16.2,registry+https://github.com/rust-lang/crates.io-index,Excluded with Iroh transport replacement,Present in audited Cargo.lock; specific runtime path not individually established
indexmap,2.14.0,registry+https://github.com/rust-lang/crates.io-index,Excluded with Iroh transport replacement,Present in audited Cargo.lock; specific runtime path not individually established
inout,0.2.2,registry+https://github.com/rust-lang/crates.io-index,Excluded with Iroh transport replacement,Present in audited Cargo.lock; specific runtime path not individually established
instant,0.1.13,registry+https://github.com/rust-lang/crates.io-index,Excluded with Iroh transport replacement,Present in audited Cargo.lock; specific runtime path not individually established
ipconfig,0.3.4,registry+https://github.com/rust-lang/crates.io-index,Excluded with Iroh transport replacement,Present in audited Cargo.lock; specific runtime path not individually established
ipnet,2.12.0,registry+https://github.com/rust-lang/crates.io-index,Excluded with Iroh transport replacement,Present in audited Cargo.lock; specific runtime path not individually established
iroh,0.94.0,registry+https://github.com/rust-lang/crates.io-index,Excluded with Iroh transport replacement,Present in audited Cargo.lock; specific runtime path not individually established
iroh-base,0.94.1,registry+https://github.com/rust-lang/crates.io-index,Excluded with Iroh transport replacement,Present in audited Cargo.lock; specific runtime path not individually established
iroh-metrics,0.36.2,registry+https://github.com/rust-lang/crates.io-index,Excluded with Iroh transport replacement,Present in audited Cargo.lock; specific runtime path not individually established
iroh-metrics-derive,0.3.1,registry+https://github.com/rust-lang/crates.io-index,Excluded with Iroh transport replacement,Present in audited Cargo.lock; specific runtime path not individually established
iroh-quinn,0.14.0,registry+https://github.com/rust-lang/crates.io-index,Excluded with Iroh transport replacement,Present in audited Cargo.lock; specific runtime path not individually established
iroh-quinn-proto,0.13.0,registry+https://github.com/rust-lang/crates.io-index,Excluded with Iroh transport replacement,Present in audited Cargo.lock; specific runtime path not individually established
iroh-quinn-udp,0.5.7,registry+https://github.com/rust-lang/crates.io-index,Excluded with Iroh transport replacement,Present in audited Cargo.lock; specific runtime path not individually established
iroh-relay,0.94.0,registry+https://github.com/rust-lang/crates.io-index,Excluded with Iroh transport replacement,Present in audited Cargo.lock; specific runtime path not individually established
iroh-ssh,0.2.12,local,Excluded with Iroh transport replacement,Present in audited Cargo.lock; specific runtime path not individually established
is_terminal_polyfill,1.70.2,registry+https://github.com/rust-lang/crates.io-index,Excluded with Iroh transport replacement,Present in audited Cargo.lock; specific runtime path not individually established
itoa,1.0.18,registry+https://github.com/rust-lang/crates.io-index,Excluded with Iroh transport replacement,Present in audited Cargo.lock; specific runtime path not individually established
jni,0.21.1,registry+https://github.com/rust-lang/crates.io-index,Excluded with Iroh transport replacement,Present in audited Cargo.lock; specific runtime path not individually established
jni,0.22.4,registry+https://github.com/rust-lang/crates.io-index,Excluded with Iroh transport replacement,Present in audited Cargo.lock; specific runtime path not individually established
jni-macros,0.22.4,registry+https://github.com/rust-lang/crates.io-index,Excluded with Iroh transport replacement,Present in audited Cargo.lock; specific runtime path not individually established
jni-sys,0.3.1,registry+https://github.com/rust-lang/crates.io-index,Excluded with Iroh transport replacement,Present in audited Cargo.lock; specific runtime path not individually established
jni-sys,0.4.1,registry+https://github.com/rust-lang/crates.io-index,Excluded with Iroh transport replacement,Present in audited Cargo.lock; specific runtime path not individually established
jni-sys-macros,0.4.1,registry+https://github.com/rust-lang/crates.io-index,Excluded with Iroh transport replacement,Present in audited Cargo.lock; specific runtime path not individually established
jobserver,0.1.34,registry+https://github.com/rust-lang/crates.io-index,Excluded with Iroh transport replacement,Present in audited Cargo.lock; specific runtime path not individually established
js-sys,0.3.99,registry+https://github.com/rust-lang/crates.io-index,Excluded with Iroh transport replacement,Present in audited Cargo.lock; specific runtime path not individually established
lazy_static,1.5.0,registry+https://github.com/rust-lang/crates.io-index,Excluded with Iroh transport replacement,Present in audited Cargo.lock; specific runtime path not individually established
leb128fmt,0.1.0,registry+https://github.com/rust-lang/crates.io-index,Excluded with Iroh transport replacement,Present in audited Cargo.lock; specific runtime path not individually established
libc,0.2.186,registry+https://github.com/rust-lang/crates.io-index,Excluded with Iroh transport replacement,Present in audited Cargo.lock; specific runtime path not individually established
libredox,0.1.17,registry+https://github.com/rust-lang/crates.io-index,Excluded with Iroh transport replacement,Present in audited Cargo.lock; specific runtime path not individually established
linux-raw-sys,0.12.1,registry+https://github.com/rust-lang/crates.io-index,Excluded with Iroh transport replacement,Present in audited Cargo.lock; specific runtime path not individually established
linux-raw-sys,0.4.15,registry+https://github.com/rust-lang/crates.io-index,Excluded with Iroh transport replacement,Present in audited Cargo.lock; specific runtime path not individually established
litemap,0.8.2,registry+https://github.com/rust-lang/crates.io-index,Excluded with Iroh transport replacement,Present in audited Cargo.lock; specific runtime path not individually established
litrs,1.0.0,registry+https://github.com/rust-lang/crates.io-index,Excluded with Iroh transport replacement,Present in audited Cargo.lock; specific runtime path not individually established
lock_api,0.4.14,registry+https://github.com/rust-lang/crates.io-index,Excluded with Iroh transport replacement,Present in audited Cargo.lock; specific runtime path not individually established
log,0.4.32,registry+https://github.com/rust-lang/crates.io-index,Excluded with Iroh transport replacement,Present in audited Cargo.lock; specific runtime path not individually established
loom,0.7.2,registry+https://github.com/rust-lang/crates.io-index,Excluded with Iroh transport replacement,Present in audited Cargo.lock; specific runtime path not individually established
lru,0.16.4,registry+https://github.com/rust-lang/crates.io-index,Excluded with Iroh transport replacement,Present in audited Cargo.lock; specific runtime path not individually established
lru-slab,0.1.2,registry+https://github.com/rust-lang/crates.io-index,Excluded with Iroh transport replacement,Present in audited Cargo.lock; specific runtime path not individually established
matchers,0.2.0,registry+https://github.com/rust-lang/crates.io-index,Excluded with Iroh transport replacement,Present in audited Cargo.lock; specific runtime path not individually established
memchr,2.8.1,registry+https://github.com/rust-lang/crates.io-index,Excluded with Iroh transport replacement,Present in audited Cargo.lock; specific runtime path not individually established
miniz_oxide,0.8.9,registry+https://github.com/rust-lang/crates.io-index,Excluded with Iroh transport replacement,Present in audited Cargo.lock; specific runtime path not individually established
mio,1.2.1,registry+https://github.com/rust-lang/crates.io-index,Excluded with Iroh transport replacement,Present in audited Cargo.lock; specific runtime path not individually established
moka,0.12.15,registry+https://github.com/rust-lang/crates.io-index,Excluded with Iroh transport replacement,Present in audited Cargo.lock; specific runtime path not individually established
n0-future,0.3.2,registry+https://github.com/rust-lang/crates.io-index,Excluded with Iroh transport replacement,Present in audited Cargo.lock; specific runtime path not individually established
n0-snafu,0.2.3,registry+https://github.com/rust-lang/crates.io-index,Excluded with Iroh transport replacement,Present in audited Cargo.lock; specific runtime path not individually established
n0-watcher,0.4.0,registry+https://github.com/rust-lang/crates.io-index,Excluded with Iroh transport replacement,Present in audited Cargo.lock; specific runtime path not individually established
nested_enum_utils,0.2.3,registry+https://github.com/rust-lang/crates.io-index,Excluded with Iroh transport replacement,Present in audited Cargo.lock; specific runtime path not individually established
netdev,0.38.2,registry+https://github.com/rust-lang/crates.io-index,Excluded with Iroh transport replacement,Present in audited Cargo.lock; specific runtime path not individually established
netlink-packet-core,0.8.1,registry+https://github.com/rust-lang/crates.io-index,Excluded with Iroh transport replacement,Present in audited Cargo.lock; specific runtime path not individually established
netlink-packet-route,0.25.1,registry+https://github.com/rust-lang/crates.io-index,Excluded with Iroh transport replacement,Present in audited Cargo.lock; specific runtime path not individually established
netlink-proto,0.12.0,registry+https://github.com/rust-lang/crates.io-index,Excluded with Iroh transport replacement,Present in audited Cargo.lock; specific runtime path not individually established
netlink-sys,0.8.8,registry+https://github.com/rust-lang/crates.io-index,Excluded with Iroh transport replacement,Present in audited Cargo.lock; specific runtime path not individually established
netwatch,0.11.0,registry+https://github.com/rust-lang/crates.io-index,Excluded with Iroh transport replacement,Present in audited Cargo.lock; specific runtime path not individually established
nix,0.30.1,registry+https://github.com/rust-lang/crates.io-index,Excluded with Iroh transport replacement,Present in audited Cargo.lock; specific runtime path not individually established
ntimestamp,1.0.0,registry+https://github.com/rust-lang/crates.io-index,Excluded with Iroh transport replacement,Present in audited Cargo.lock; specific runtime path not individually established
nu-ansi-term,0.50.3,registry+https://github.com/rust-lang/crates.io-index,Excluded with Iroh transport replacement,Present in audited Cargo.lock; specific runtime path not individually established
num-conv,0.2.2,registry+https://github.com/rust-lang/crates.io-index,Excluded with Iroh transport replacement,Present in audited Cargo.lock; specific runtime path not individually established
num-traits,0.2.19,registry+https://github.com/rust-lang/crates.io-index,Excluded with Iroh transport replacement,Present in audited Cargo.lock; specific runtime path not individually established
num_enum,0.7.6,registry+https://github.com/rust-lang/crates.io-index,Excluded with Iroh transport replacement,Present in audited Cargo.lock; specific runtime path not individually established
num_enum_derive,0.7.6,registry+https://github.com/rust-lang/crates.io-index,Excluded with Iroh transport replacement,Present in audited Cargo.lock; specific runtime path not individually established
objc2-core-foundation,0.3.2,registry+https://github.com/rust-lang/crates.io-index,Excluded with Iroh transport replacement,Present in audited Cargo.lock; specific runtime path not individually established
objc2-system-configuration,0.3.2,registry+https://github.com/rust-lang/crates.io-index,Excluded with Iroh transport replacement,Present in audited Cargo.lock; specific runtime path not individually established
object,0.37.3,registry+https://github.com/rust-lang/crates.io-index,Excluded with Iroh transport replacement,Present in audited Cargo.lock; specific runtime path not individually established
once_cell,1.21.4,registry+https://github.com/rust-lang/crates.io-index,Excluded with Iroh transport replacement,Present in audited Cargo.lock; specific runtime path not individually established
once_cell_polyfill,1.70.2,registry+https://github.com/rust-lang/crates.io-index,Excluded with Iroh transport replacement,Present in audited Cargo.lock; specific runtime path not individually established
openssl-probe,0.2.1,registry+https://github.com/rust-lang/crates.io-index,Excluded with Iroh transport replacement,Present in audited Cargo.lock; specific runtime path not individually established
parking,2.2.1,registry+https://github.com/rust-lang/crates.io-index,Excluded with Iroh transport replacement,Present in audited Cargo.lock; specific runtime path not individually established
parking_lot,0.12.5,registry+https://github.com/rust-lang/crates.io-index,Excluded with Iroh transport replacement,Present in audited Cargo.lock; specific runtime path not individually established
parking_lot_core,0.9.12,registry+https://github.com/rust-lang/crates.io-index,Excluded with Iroh transport replacement,Present in audited Cargo.lock; specific runtime path not individually established
paste,1.0.15,registry+https://github.com/rust-lang/crates.io-index,Excluded with Iroh transport replacement,Present in audited Cargo.lock; specific runtime path not individually established
pem-rfc7468,1.0.0,registry+https://github.com/rust-lang/crates.io-index,Excluded with Iroh transport replacement,Present in audited Cargo.lock; specific runtime path not individually established
percent-encoding,2.3.2,registry+https://github.com/rust-lang/crates.io-index,Excluded with Iroh transport replacement,Present in audited Cargo.lock; specific runtime path not individually established
pharos,0.5.3,registry+https://github.com/rust-lang/crates.io-index,Excluded with Iroh transport replacement,Present in audited Cargo.lock; specific runtime path not individually established
pin-project,1.1.13,registry+https://github.com/rust-lang/crates.io-index,Excluded with Iroh transport replacement,Present in audited Cargo.lock; specific runtime path not individually established
pin-project-internal,1.1.13,registry+https://github.com/rust-lang/crates.io-index,Excluded with Iroh transport replacement,Present in audited Cargo.lock; specific runtime path not individually established
pin-project-lite,0.2.17,registry+https://github.com/rust-lang/crates.io-index,Excluded with Iroh transport replacement,Present in audited Cargo.lock; specific runtime path not individually established
pkarr,5.0.3,registry+https://github.com/rust-lang/crates.io-index,Excluded with Iroh transport replacement,Present in audited Cargo.lock; specific runtime path not individually established
pkcs8,0.11.0-rc.11,registry+https://github.com/rust-lang/crates.io-index,Excluded with Iroh transport replacement,Present in audited Cargo.lock; specific runtime path not individually established
poly1305,0.9.0-rc.2,registry+https://github.com/rust-lang/crates.io-index,Excluded with Iroh transport replacement,Present in audited Cargo.lock; specific runtime path not individually established
portable-atomic,1.13.1,registry+https://github.com/rust-lang/crates.io-index,Excluded with Iroh transport replacement,Present in audited Cargo.lock; specific runtime path not individually established
portmapper,0.11.0,registry+https://github.com/rust-lang/crates.io-index,Excluded with Iroh transport replacement,Present in audited Cargo.lock; specific runtime path not individually established
postcard,1.1.3,registry+https://github.com/rust-lang/crates.io-index,Excluded with Iroh transport replacement,Present in audited Cargo.lock; specific runtime path not individually established
postcard-derive,0.2.2,registry+https://github.com/rust-lang/crates.io-index,Excluded with Iroh transport replacement,Present in audited Cargo.lock; specific runtime path not individually established
potential_utf,0.1.5,registry+https://github.com/rust-lang/crates.io-index,Excluded with Iroh transport replacement,Present in audited Cargo.lock; specific runtime path not individually established
powerfmt,0.2.0,registry+https://github.com/rust-lang/crates.io-index,Excluded with Iroh transport replacement,Present in audited Cargo.lock; specific runtime path not individually established
ppv-lite86,0.2.21,registry+https://github.com/rust-lang/crates.io-index,Excluded with Iroh transport replacement,Present in audited Cargo.lock; specific runtime path not individually established
prettyplease,0.2.37,registry+https://github.com/rust-lang/crates.io-index,Excluded with Iroh transport replacement,Present in audited Cargo.lock; specific runtime path not individually established
proc-macro-crate,3.5.0,registry+https://github.com/rust-lang/crates.io-index,Excluded with Iroh transport replacement,Present in audited Cargo.lock; specific runtime path not individually established
proc-macro2,1.0.106,registry+https://github.com/rust-lang/crates.io-index,Excluded with Iroh transport replacement,Present in audited Cargo.lock; specific runtime path not individually established
quinn,0.11.9,registry+https://github.com/rust-lang/crates.io-index,Excluded with Iroh transport replacement,Present in audited Cargo.lock; specific runtime path not individually established
quinn-proto,0.11.14,registry+https://github.com/rust-lang/crates.io-index,Excluded with Iroh transport replacement,Present in audited Cargo.lock; specific runtime path not individually established
quinn-udp,0.5.14,registry+https://github.com/rust-lang/crates.io-index,Excluded with Iroh transport replacement,Present in audited Cargo.lock; specific runtime path not individually established
quote,1.0.45,registry+https://github.com/rust-lang/crates.io-index,Excluded with Iroh transport replacement,Present in audited Cargo.lock; specific runtime path not individually established
r-efi,5.3.0,registry+https://github.com/rust-lang/crates.io-index,Excluded with Iroh transport replacement,Present in audited Cargo.lock; specific runtime path not individually established
r-efi,6.0.0,registry+https://github.com/rust-lang/crates.io-index,Excluded with Iroh transport replacement,Present in audited Cargo.lock; specific runtime path not individually established
rand,0.8.6,registry+https://github.com/rust-lang/crates.io-index,Excluded with Iroh transport replacement,Present in audited Cargo.lock; specific runtime path not individually established
rand,0.9.4,registry+https://github.com/rust-lang/crates.io-index,Excluded with Iroh transport replacement,Present in audited Cargo.lock; specific runtime path not individually established
rand_chacha,0.3.1,registry+https://github.com/rust-lang/crates.io-index,Excluded with Iroh transport replacement,Present in audited Cargo.lock; specific runtime path not individually established
rand_chacha,0.9.0,registry+https://github.com/rust-lang/crates.io-index,Excluded with Iroh transport replacement,Present in audited Cargo.lock; specific runtime path not individually established
rand_core,0.6.4,registry+https://github.com/rust-lang/crates.io-index,Excluded with Iroh transport replacement,Present in audited Cargo.lock; specific runtime path not individually established
rand_core,0.9.5,registry+https://github.com/rust-lang/crates.io-index,Excluded with Iroh transport replacement,Present in audited Cargo.lock; specific runtime path not individually established
redox_syscall,0.5.18,registry+https://github.com/rust-lang/crates.io-index,Excluded with Iroh transport replacement,Present in audited Cargo.lock; specific runtime path not individually established
regex,1.12.3,registry+https://github.com/rust-lang/crates.io-index,Excluded with Iroh transport replacement,Present in audited Cargo.lock; specific runtime path not individually established
regex-automata,0.4.14,registry+https://github.com/rust-lang/crates.io-index,Excluded with Iroh transport replacement,Present in audited Cargo.lock; specific runtime path not individually established
regex-syntax,0.8.10,registry+https://github.com/rust-lang/crates.io-index,Excluded with Iroh transport replacement,Present in audited Cargo.lock; specific runtime path not individually established
reqwest,0.12.28,registry+https://github.com/rust-lang/crates.io-index,Excluded with Iroh transport replacement,Present in audited Cargo.lock; specific runtime path not individually established
reqwest,0.13.4,registry+https://github.com/rust-lang/crates.io-index,Excluded with Iroh transport replacement,Present in audited Cargo.lock; specific runtime path not individually established
resolv-conf,0.7.6,registry+https://github.com/rust-lang/crates.io-index,Excluded with Iroh transport replacement,Present in audited Cargo.lock; specific runtime path not individually established
ring,0.17.14,registry+https://github.com/rust-lang/crates.io-index,Excluded with Iroh transport replacement,Present in audited Cargo.lock; specific runtime path not individually established
runas,1.2.0,registry+https://github.com/rust-lang/crates.io-index,Excluded with Iroh transport replacement,Present in audited Cargo.lock; specific runtime path not individually established
runas-with-inherited-cmd,1.2.0,registry+https://github.com/rust-lang/crates.io-index,Excluded with Iroh transport replacement,Present in audited Cargo.lock; specific runtime path not individually established
rustc-demangle,0.1.27,registry+https://github.com/rust-lang/crates.io-index,Excluded with Iroh transport replacement,Present in audited Cargo.lock; specific runtime path not individually established
rustc-hash,2.1.2,registry+https://github.com/rust-lang/crates.io-index,Excluded with Iroh transport replacement,Present in audited Cargo.lock; specific runtime path not individually established
rustc_version,0.4.1,registry+https://github.com/rust-lang/crates.io-index,Excluded with Iroh transport replacement,Present in audited Cargo.lock; specific runtime path not individually established
rustix,0.38.44,registry+https://github.com/rust-lang/crates.io-index,Excluded with Iroh transport replacement,Present in audited Cargo.lock; specific runtime path not individually established
rustix,1.1.4,registry+https://github.com/rust-lang/crates.io-index,Excluded with Iroh transport replacement,Present in audited Cargo.lock; specific runtime path not individually established
rustls,0.23.40,registry+https://github.com/rust-lang/crates.io-index,Excluded with Iroh transport replacement,Present in audited Cargo.lock; specific runtime path not individually established
rustls-native-certs,0.8.4,registry+https://github.com/rust-lang/crates.io-index,Excluded with Iroh transport replacement,Present in audited Cargo.lock; specific runtime path not individually established
rustls-pki-types,1.14.1,registry+https://github.com/rust-lang/crates.io-index,Excluded with Iroh transport replacement,Present in audited Cargo.lock; specific runtime path not individually established
rustls-platform-verifier,0.5.3,registry+https://github.com/rust-lang/crates.io-index,Excluded with Iroh transport replacement,Present in audited Cargo.lock; specific runtime path not individually established
rustls-platform-verifier,0.7.0,registry+https://github.com/rust-lang/crates.io-index,Excluded with Iroh transport replacement,Present in audited Cargo.lock; specific runtime path not individually established
rustls-platform-verifier-android,0.1.1,registry+https://github.com/rust-lang/crates.io-index,Excluded with Iroh transport replacement,Present in audited Cargo.lock; specific runtime path not individually established
rustls-webpki,0.103.13,registry+https://github.com/rust-lang/crates.io-index,Excluded with Iroh transport replacement,Present in audited Cargo.lock; specific runtime path not individually established
rustversion,1.0.22,registry+https://github.com/rust-lang/crates.io-index,Excluded with Iroh transport replacement,Present in audited Cargo.lock; specific runtime path not individually established
ryu,1.0.23,registry+https://github.com/rust-lang/crates.io-index,Excluded with Iroh transport replacement,Present in audited Cargo.lock; specific runtime path not individually established
salsa20,0.11.0-rc.1,registry+https://github.com/rust-lang/crates.io-index,Excluded with Iroh transport replacement,Present in audited Cargo.lock; specific runtime path not individually established
same-file,1.0.6,registry+https://github.com/rust-lang/crates.io-index,Excluded with Iroh transport replacement,Present in audited Cargo.lock; specific runtime path not individually established
schannel,0.1.29,registry+https://github.com/rust-lang/crates.io-index,Excluded with Iroh transport replacement,Present in audited Cargo.lock; specific runtime path not individually established
scoped-tls,1.0.1,registry+https://github.com/rust-lang/crates.io-index,Excluded with Iroh transport replacement,Present in audited Cargo.lock; specific runtime path not individually established
scopeguard,1.2.0,registry+https://github.com/rust-lang/crates.io-index,Excluded with Iroh transport replacement,Present in audited Cargo.lock; specific runtime path not individually established
security-framework,3.7.0,registry+https://github.com/rust-lang/crates.io-index,Excluded with Iroh transport replacement,Present in audited Cargo.lock; specific runtime path not individually established
security-framework-sys,2.17.0,registry+https://github.com/rust-lang/crates.io-index,Excluded with Iroh transport replacement,Present in audited Cargo.lock; specific runtime path not individually established
self-runas,0.1.0,registry+https://github.com/rust-lang/crates.io-index,Excluded with Iroh transport replacement,Present in audited Cargo.lock; specific runtime path not individually established
self_cell,1.2.2,registry+https://github.com/rust-lang/crates.io-index,Excluded with Iroh transport replacement,Present in audited Cargo.lock; specific runtime path not individually established
semver,1.0.28,registry+https://github.com/rust-lang/crates.io-index,Excluded with Iroh transport replacement,Present in audited Cargo.lock; specific runtime path not individually established
send_wrapper,0.6.0,registry+https://github.com/rust-lang/crates.io-index,Excluded with Iroh transport replacement,Present in audited Cargo.lock; specific runtime path not individually established
serde,1.0.228,registry+https://github.com/rust-lang/crates.io-index,Excluded with Iroh transport replacement,Present in audited Cargo.lock; specific runtime path not individually established
serde_bytes,0.11.19,registry+https://github.com/rust-lang/crates.io-index,Excluded with Iroh transport replacement,Present in audited Cargo.lock; specific runtime path not individually established
serde_core,1.0.228,registry+https://github.com/rust-lang/crates.io-index,Excluded with Iroh transport replacement,Present in audited Cargo.lock; specific runtime path not individually established
serde_derive,1.0.228,registry+https://github.com/rust-lang/crates.io-index,Excluded with Iroh transport replacement,Present in audited Cargo.lock; specific runtime path not individually established
serde_json,1.0.150,registry+https://github.com/rust-lang/crates.io-index,Excluded with Iroh transport replacement,Present in audited Cargo.lock; specific runtime path not individually established
serde_urlencoded,0.7.1,registry+https://github.com/rust-lang/crates.io-index,Excluded with Iroh transport replacement,Present in audited Cargo.lock; specific runtime path not individually established
serdect,0.4.3,registry+https://github.com/rust-lang/crates.io-index,Excluded with Iroh transport replacement,Present in audited Cargo.lock; specific runtime path not individually established
sha1,0.11.0-rc.2,registry+https://github.com/rust-lang/crates.io-index,Excluded with Iroh transport replacement,Present in audited Cargo.lock; specific runtime path not individually established
sha1_smol,1.0.1,registry+https://github.com/rust-lang/crates.io-index,Excluded with Iroh transport replacement,Present in audited Cargo.lock; specific runtime path not individually established
sha2,0.11.0-rc.2,registry+https://github.com/rust-lang/crates.io-index,Excluded with Iroh transport replacement,Present in audited Cargo.lock; specific runtime path not individually established
sharded-slab,0.1.7,registry+https://github.com/rust-lang/crates.io-index,Excluded with Iroh transport replacement,Present in audited Cargo.lock; specific runtime path not individually established
shlex,2.0.1,registry+https://github.com/rust-lang/crates.io-index,Excluded with Iroh transport replacement,Present in audited Cargo.lock; specific runtime path not individually established
signal-hook-registry,1.4.8,registry+https://github.com/rust-lang/crates.io-index,Excluded with Iroh transport replacement,Present in audited Cargo.lock; specific runtime path not individually established
signature,3.0.0,registry+https://github.com/rust-lang/crates.io-index,Excluded with Iroh transport replacement,Present in audited Cargo.lock; specific runtime path not individually established
simd_cesu8,1.1.1,registry+https://github.com/rust-lang/crates.io-index,Excluded with Iroh transport replacement,Present in audited Cargo.lock; specific runtime path not individually established
simdutf8,0.1.5,registry+https://github.com/rust-lang/crates.io-index,Excluded with Iroh transport replacement,Present in audited Cargo.lock; specific runtime path not individually established
simple-dns,0.9.3,registry+https://github.com/rust-lang/crates.io-index,Excluded with Iroh transport replacement,Present in audited Cargo.lock; specific runtime path not individually established
slab,0.4.12,registry+https://github.com/rust-lang/crates.io-index,Excluded with Iroh transport replacement,Present in audited Cargo.lock; specific runtime path not individually established
smallvec,1.15.1,registry+https://github.com/rust-lang/crates.io-index,Excluded with Iroh transport replacement,Present in audited Cargo.lock; specific runtime path not individually established
snafu,0.8.9,registry+https://github.com/rust-lang/crates.io-index,Excluded with Iroh transport replacement,Present in audited Cargo.lock; specific runtime path not individually established
snafu-derive,0.8.9,registry+https://github.com/rust-lang/crates.io-index,Excluded with Iroh transport replacement,Present in audited Cargo.lock; specific runtime path not individually established
socket2,0.5.10,registry+https://github.com/rust-lang/crates.io-index,Excluded with Iroh transport replacement,Present in audited Cargo.lock; specific runtime path not individually established
socket2,0.6.4,registry+https://github.com/rust-lang/crates.io-index,Excluded with Iroh transport replacement,Present in audited Cargo.lock; specific runtime path not individually established
spin,0.10.0,registry+https://github.com/rust-lang/crates.io-index,Excluded with Iroh transport replacement,Present in audited Cargo.lock; specific runtime path not individually established
spin,0.9.8,registry+https://github.com/rust-lang/crates.io-index,Excluded with Iroh transport replacement,Present in audited Cargo.lock; specific runtime path not individually established
spki,0.8.0,registry+https://github.com/rust-lang/crates.io-index,Excluded with Iroh transport replacement,Present in audited Cargo.lock; specific runtime path not individually established
stable_deref_trait,1.2.1,registry+https://github.com/rust-lang/crates.io-index,Excluded with Iroh transport replacement,Present in audited Cargo.lock; specific runtime path not individually established
strsim,0.11.1,registry+https://github.com/rust-lang/crates.io-index,Excluded with Iroh transport replacement,Present in audited Cargo.lock; specific runtime path not individually established
strum,0.27.2,registry+https://github.com/rust-lang/crates.io-index,Excluded with Iroh transport replacement,Present in audited Cargo.lock; specific runtime path not individually established
strum_macros,0.27.2,registry+https://github.com/rust-lang/crates.io-index,Excluded with Iroh transport replacement,Present in audited Cargo.lock; specific runtime path not individually established
subtle,2.6.1,registry+https://github.com/rust-lang/crates.io-index,Excluded with Iroh transport replacement,Present in audited Cargo.lock; specific runtime path not individually established
symlink,0.1.0,registry+https://github.com/rust-lang/crates.io-index,Excluded with Iroh transport replacement,Present in audited Cargo.lock; specific runtime path not individually established
syn,2.0.117,registry+https://github.com/rust-lang/crates.io-index,Excluded with Iroh transport replacement,Present in audited Cargo.lock; specific runtime path not individually established
sync_wrapper,1.0.2,registry+https://github.com/rust-lang/crates.io-index,Excluded with Iroh transport replacement,Present in audited Cargo.lock; specific runtime path not individually established
synstructure,0.13.2,registry+https://github.com/rust-lang/crates.io-index,Excluded with Iroh transport replacement,Present in audited Cargo.lock; specific runtime path not individually established
system-configuration,0.6.1,registry+https://github.com/rust-lang/crates.io-index,Excluded with Iroh transport replacement,Present in audited Cargo.lock; specific runtime path not individually established
system-configuration-sys,0.6.0,registry+https://github.com/rust-lang/crates.io-index,Excluded with Iroh transport replacement,Present in audited Cargo.lock; specific runtime path not individually established
tagptr,0.2.0,registry+https://github.com/rust-lang/crates.io-index,Excluded with Iroh transport replacement,Present in audited Cargo.lock; specific runtime path not individually established
tempfile,3.27.0,registry+https://github.com/rust-lang/crates.io-index,Excluded with Iroh transport replacement,Present in audited Cargo.lock; specific runtime path not individually established
termcolor,1.4.1,registry+https://github.com/rust-lang/crates.io-index,Excluded with Iroh transport replacement,Present in audited Cargo.lock; specific runtime path not individually established
thiserror,1.0.69,registry+https://github.com/rust-lang/crates.io-index,Excluded with Iroh transport replacement,Present in audited Cargo.lock; specific runtime path not individually established
thiserror,2.0.18,registry+https://github.com/rust-lang/crates.io-index,Excluded with Iroh transport replacement,Present in audited Cargo.lock; specific runtime path not individually established
thiserror-impl,1.0.69,registry+https://github.com/rust-lang/crates.io-index,Excluded with Iroh transport replacement,Present in audited Cargo.lock; specific runtime path not individually established
thiserror-impl,2.0.18,registry+https://github.com/rust-lang/crates.io-index,Excluded with Iroh transport replacement,Present in audited Cargo.lock; specific runtime path not individually established
thread_local,1.1.9,registry+https://github.com/rust-lang/crates.io-index,Excluded with Iroh transport replacement,Present in audited Cargo.lock; specific runtime path not individually established
time,0.3.47,registry+https://github.com/rust-lang/crates.io-index,Excluded with Iroh transport replacement,Present in audited Cargo.lock; specific runtime path not individually established
time-core,0.1.8,registry+https://github.com/rust-lang/crates.io-index,Excluded with Iroh transport replacement,Present in audited Cargo.lock; specific runtime path not individually established
time-macros,0.2.27,registry+https://github.com/rust-lang/crates.io-index,Excluded with Iroh transport replacement,Present in audited Cargo.lock; specific runtime path not individually established
tinystr,0.8.3,registry+https://github.com/rust-lang/crates.io-index,Excluded with Iroh transport replacement,Present in audited Cargo.lock; specific runtime path not individually established
tinyvec,1.11.0,registry+https://github.com/rust-lang/crates.io-index,Excluded with Iroh transport replacement,Present in audited Cargo.lock; specific runtime path not individually established
tinyvec_macros,0.1.1,registry+https://github.com/rust-lang/crates.io-index,Excluded with Iroh transport replacement,Present in audited Cargo.lock; specific runtime path not individually established
tokio,1.52.3,registry+https://github.com/rust-lang/crates.io-index,Excluded with Iroh transport replacement,Present in audited Cargo.lock; specific runtime path not individually established
tokio-macros,2.7.0,registry+https://github.com/rust-lang/crates.io-index,Excluded with Iroh transport replacement,Present in audited Cargo.lock; specific runtime path not individually established
tokio-rustls,0.26.4,registry+https://github.com/rust-lang/crates.io-index,Excluded with Iroh transport replacement,Present in audited Cargo.lock; specific runtime path not individually established
tokio-stream,0.1.18,registry+https://github.com/rust-lang/crates.io-index,Excluded with Iroh transport replacement,Present in audited Cargo.lock; specific runtime path not individually established
tokio-util,0.7.18,registry+https://github.com/rust-lang/crates.io-index,Excluded with Iroh transport replacement,Present in audited Cargo.lock; specific runtime path not individually established
tokio-websockets,0.12.3,registry+https://github.com/rust-lang/crates.io-index,Excluded with Iroh transport replacement,Present in audited Cargo.lock; specific runtime path not individually established
toml_datetime,1.1.1+spec-1.1.0,registry+https://github.com/rust-lang/crates.io-index,Excluded with Iroh transport replacement,Present in audited Cargo.lock; specific runtime path not individually established
toml_edit,0.25.12+spec-1.1.0,registry+https://github.com/rust-lang/crates.io-index,Excluded with Iroh transport replacement,Present in audited Cargo.lock; specific runtime path not individually established
toml_parser,1.1.2+spec-1.1.0,registry+https://github.com/rust-lang/crates.io-index,Excluded with Iroh transport replacement,Present in audited Cargo.lock; specific runtime path not individually established
tower,0.5.3,registry+https://github.com/rust-lang/crates.io-index,Excluded with Iroh transport replacement,Present in audited Cargo.lock; specific runtime path not individually established
tower-http,0.6.11,registry+https://github.com/rust-lang/crates.io-index,Excluded with Iroh transport replacement,Present in audited Cargo.lock; specific runtime path not individually established
tower-layer,0.3.3,registry+https://github.com/rust-lang/crates.io-index,Excluded with Iroh transport replacement,Present in audited Cargo.lock; specific runtime path not individually established
tower-service,0.3.3,registry+https://github.com/rust-lang/crates.io-index,Excluded with Iroh transport replacement,Present in audited Cargo.lock; specific runtime path not individually established
tracing,0.1.44,registry+https://github.com/rust-lang/crates.io-index,Excluded with Iroh transport replacement,Present in audited Cargo.lock; specific runtime path not individually established
tracing-appender,0.2.5,registry+https://github.com/rust-lang/crates.io-index,Excluded with Iroh transport replacement,Present in audited Cargo.lock; specific runtime path not individually established
tracing-attributes,0.1.31,registry+https://github.com/rust-lang/crates.io-index,Excluded with Iroh transport replacement,Present in audited Cargo.lock; specific runtime path not individually established
tracing-core,0.1.36,registry+https://github.com/rust-lang/crates.io-index,Excluded with Iroh transport replacement,Present in audited Cargo.lock; specific runtime path not individually established
tracing-error,0.2.1,registry+https://github.com/rust-lang/crates.io-index,Excluded with Iroh transport replacement,Present in audited Cargo.lock; specific runtime path not individually established
tracing-log,0.2.0,registry+https://github.com/rust-lang/crates.io-index,Excluded with Iroh transport replacement,Present in audited Cargo.lock; specific runtime path not individually established
tracing-subscriber,0.3.23,registry+https://github.com/rust-lang/crates.io-index,Excluded with Iroh transport replacement,Present in audited Cargo.lock; specific runtime path not individually established
try-lock,0.2.5,registry+https://github.com/rust-lang/crates.io-index,Excluded with Iroh transport replacement,Present in audited Cargo.lock; specific runtime path not individually established
typenum,1.20.1,registry+https://github.com/rust-lang/crates.io-index,Excluded with Iroh transport replacement,Present in audited Cargo.lock; specific runtime path not individually established
unicode-ident,1.0.24,registry+https://github.com/rust-lang/crates.io-index,Excluded with Iroh transport replacement,Present in audited Cargo.lock; specific runtime path not individually established
unicode-segmentation,1.13.3,registry+https://github.com/rust-lang/crates.io-index,Excluded with Iroh transport replacement,Present in audited Cargo.lock; specific runtime path not individually established
unicode-xid,0.2.6,registry+https://github.com/rust-lang/crates.io-index,Excluded with Iroh transport replacement,Present in audited Cargo.lock; specific runtime path not individually established
universal-hash,0.6.0-rc.2,registry+https://github.com/rust-lang/crates.io-index,Excluded with Iroh transport replacement,Present in audited Cargo.lock; specific runtime path not individually established
untrusted,0.9.0,registry+https://github.com/rust-lang/crates.io-index,Excluded with Iroh transport replacement,Present in audited Cargo.lock; specific runtime path not individually established
url,2.5.8,registry+https://github.com/rust-lang/crates.io-index,Excluded with Iroh transport replacement,Present in audited Cargo.lock; specific runtime path not individually established
utf8_iter,1.0.4,registry+https://github.com/rust-lang/crates.io-index,Excluded with Iroh transport replacement,Present in audited Cargo.lock; specific runtime path not individually established
utf8parse,0.2.2,registry+https://github.com/rust-lang/crates.io-index,Excluded with Iroh transport replacement,Present in audited Cargo.lock; specific runtime path not individually established
uuid,1.23.2,registry+https://github.com/rust-lang/crates.io-index,Excluded with Iroh transport replacement,Present in audited Cargo.lock; specific runtime path not individually established
valuable,0.1.1,registry+https://github.com/rust-lang/crates.io-index,Excluded with Iroh transport replacement,Present in audited Cargo.lock; specific runtime path not individually established
walkdir,2.5.0,registry+https://github.com/rust-lang/crates.io-index,Excluded with Iroh transport replacement,Present in audited Cargo.lock; specific runtime path not individually established
want,0.3.1,registry+https://github.com/rust-lang/crates.io-index,Excluded with Iroh transport replacement,Present in audited Cargo.lock; specific runtime path not individually established
wasi,0.11.1+wasi-snapshot-preview1,registry+https://github.com/rust-lang/crates.io-index,Excluded with Iroh transport replacement,Present in audited Cargo.lock; specific runtime path not individually established
wasi,0.14.7+wasi-0.2.4,registry+https://github.com/rust-lang/crates.io-index,Excluded with Iroh transport replacement,Present in audited Cargo.lock; specific runtime path not individually established
wasip2,1.0.3+wasi-0.2.9,registry+https://github.com/rust-lang/crates.io-index,Excluded with Iroh transport replacement,Present in audited Cargo.lock; specific runtime path not individually established
wasip3,0.4.0+wasi-0.3.0-rc-2026-01-06,registry+https://github.com/rust-lang/crates.io-index,Excluded with Iroh transport replacement,Present in audited Cargo.lock; specific runtime path not individually established
wasite,1.0.2,registry+https://github.com/rust-lang/crates.io-index,Excluded with Iroh transport replacement,Present in audited Cargo.lock; specific runtime path not individually established
wasm-bindgen,0.2.122,registry+https://github.com/rust-lang/crates.io-index,Excluded with Iroh transport replacement,Present in audited Cargo.lock; specific runtime path not individually established
wasm-bindgen-futures,0.4.72,registry+https://github.com/rust-lang/crates.io-index,Excluded with Iroh transport replacement,Present in audited Cargo.lock; specific runtime path not individually established
wasm-bindgen-macro,0.2.122,registry+https://github.com/rust-lang/crates.io-index,Excluded with Iroh transport replacement,Present in audited Cargo.lock; specific runtime path not individually established
wasm-bindgen-macro-support,0.2.122,registry+https://github.com/rust-lang/crates.io-index,Excluded with Iroh transport replacement,Present in audited Cargo.lock; specific runtime path not individually established
wasm-bindgen-shared,0.2.122,registry+https://github.com/rust-lang/crates.io-index,Excluded with Iroh transport replacement,Present in audited Cargo.lock; specific runtime path not individually established
wasm-encoder,0.244.0,registry+https://github.com/rust-lang/crates.io-index,Excluded with Iroh transport replacement,Present in audited Cargo.lock; specific runtime path not individually established
wasm-metadata,0.244.0,registry+https://github.com/rust-lang/crates.io-index,Excluded with Iroh transport replacement,Present in audited Cargo.lock; specific runtime path not individually established
wasm-streams,0.4.2,registry+https://github.com/rust-lang/crates.io-index,Excluded with Iroh transport replacement,Present in audited Cargo.lock; specific runtime path not individually established
wasmparser,0.244.0,registry+https://github.com/rust-lang/crates.io-index,Excluded with Iroh transport replacement,Present in audited Cargo.lock; specific runtime path not individually established
web-sys,0.3.99,registry+https://github.com/rust-lang/crates.io-index,Excluded with Iroh transport replacement,Present in audited Cargo.lock; specific runtime path not individually established
web-time,1.1.0,registry+https://github.com/rust-lang/crates.io-index,Excluded with Iroh transport replacement,Present in audited Cargo.lock; specific runtime path not individually established
webpki-root-certs,0.26.11,registry+https://github.com/rust-lang/crates.io-index,Excluded with Iroh transport replacement,Present in audited Cargo.lock; specific runtime path not individually established
webpki-root-certs,1.0.7,registry+https://github.com/rust-lang/crates.io-index,Excluded with Iroh transport replacement,Present in audited Cargo.lock; specific runtime path not individually established
webpki-roots,1.0.7,registry+https://github.com/rust-lang/crates.io-index,Excluded with Iroh transport replacement,Present in audited Cargo.lock; specific runtime path not individually established
which,4.4.2,registry+https://github.com/rust-lang/crates.io-index,Excluded with Iroh transport replacement,Present in audited Cargo.lock; specific runtime path not individually established
whoami,2.1.2,registry+https://github.com/rust-lang/crates.io-index,Excluded with Iroh transport replacement,Present in audited Cargo.lock; specific runtime path not individually established
widestring,1.2.1,registry+https://github.com/rust-lang/crates.io-index,Excluded with Iroh transport replacement,Present in audited Cargo.lock; specific runtime path not individually established
winapi,0.3.9,registry+https://github.com/rust-lang/crates.io-index,Excluded with Iroh transport replacement,Present in audited Cargo.lock; specific runtime path not individually established
winapi-i686-pc-windows-gnu,0.4.0,registry+https://github.com/rust-lang/crates.io-index,Excluded with Iroh transport replacement,Present in audited Cargo.lock; specific runtime path not individually established
winapi-util,0.1.11,registry+https://github.com/rust-lang/crates.io-index,Excluded with Iroh transport replacement,Present in audited Cargo.lock; specific runtime path not individually established
winapi-x86_64-pc-windows-gnu,0.4.0,registry+https://github.com/rust-lang/crates.io-index,Excluded with Iroh transport replacement,Present in audited Cargo.lock; specific runtime path not individually established
windows,0.61.3,registry+https://github.com/rust-lang/crates.io-index,Excluded with Iroh transport replacement,Present in audited Cargo.lock; specific runtime path not individually established
windows,0.62.2,registry+https://github.com/rust-lang/crates.io-index,Excluded with Iroh transport replacement,Present in audited Cargo.lock; specific runtime path not individually established
windows-collections,0.2.0,registry+https://github.com/rust-lang/crates.io-index,Excluded with Iroh transport replacement,Present in audited Cargo.lock; specific runtime path not individually established
windows-collections,0.3.2,registry+https://github.com/rust-lang/crates.io-index,Excluded with Iroh transport replacement,Present in audited Cargo.lock; specific runtime path not individually established
windows-core,0.61.2,registry+https://github.com/rust-lang/crates.io-index,Excluded with Iroh transport replacement,Present in audited Cargo.lock; specific runtime path not individually established
windows-core,0.62.2,registry+https://github.com/rust-lang/crates.io-index,Excluded with Iroh transport replacement,Present in audited Cargo.lock; specific runtime path not individually established
windows-future,0.2.1,registry+https://github.com/rust-lang/crates.io-index,Excluded with Iroh transport replacement,Present in audited Cargo.lock; specific runtime path not individually established
windows-future,0.3.2,registry+https://github.com/rust-lang/crates.io-index,Excluded with Iroh transport replacement,Present in audited Cargo.lock; specific runtime path not individually established
windows-implement,0.60.2,registry+https://github.com/rust-lang/crates.io-index,Excluded with Iroh transport replacement,Present in audited Cargo.lock; specific runtime path not individually established
windows-interface,0.59.3,registry+https://github.com/rust-lang/crates.io-index,Excluded with Iroh transport replacement,Present in audited Cargo.lock; specific runtime path not individually established
windows-link,0.1.3,registry+https://github.com/rust-lang/crates.io-index,Excluded with Iroh transport replacement,Present in audited Cargo.lock; specific runtime path not individually established
windows-link,0.2.1,registry+https://github.com/rust-lang/crates.io-index,Excluded with Iroh transport replacement,Present in audited Cargo.lock; specific runtime path not individually established
windows-numerics,0.2.0,registry+https://github.com/rust-lang/crates.io-index,Excluded with Iroh transport replacement,Present in audited Cargo.lock; specific runtime path not individually established
windows-numerics,0.3.1,registry+https://github.com/rust-lang/crates.io-index,Excluded with Iroh transport replacement,Present in audited Cargo.lock; specific runtime path not individually established
windows-registry,0.6.1,registry+https://github.com/rust-lang/crates.io-index,Excluded with Iroh transport replacement,Present in audited Cargo.lock; specific runtime path not individually established
windows-result,0.3.4,registry+https://github.com/rust-lang/crates.io-index,Excluded with Iroh transport replacement,Present in audited Cargo.lock; specific runtime path not individually established
windows-result,0.4.1,registry+https://github.com/rust-lang/crates.io-index,Excluded with Iroh transport replacement,Present in audited Cargo.lock; specific runtime path not individually established
windows-service,0.8.1,registry+https://github.com/rust-lang/crates.io-index,Excluded with Iroh transport replacement,Present in audited Cargo.lock; specific runtime path not individually established
windows-strings,0.4.2,registry+https://github.com/rust-lang/crates.io-index,Excluded with Iroh transport replacement,Present in audited Cargo.lock; specific runtime path not individually established
windows-strings,0.5.1,registry+https://github.com/rust-lang/crates.io-index,Excluded with Iroh transport replacement,Present in audited Cargo.lock; specific runtime path not individually established
windows-sys,0.45.0,registry+https://github.com/rust-lang/crates.io-index,Excluded with Iroh transport replacement,Present in audited Cargo.lock; specific runtime path not individually established
windows-sys,0.48.0,registry+https://github.com/rust-lang/crates.io-index,Excluded with Iroh transport replacement,Present in audited Cargo.lock; specific runtime path not individually established
windows-sys,0.52.0,registry+https://github.com/rust-lang/crates.io-index,Excluded with Iroh transport replacement,Present in audited Cargo.lock; specific runtime path not individually established
windows-sys,0.59.0,registry+https://github.com/rust-lang/crates.io-index,Excluded with Iroh transport replacement,Present in audited Cargo.lock; specific runtime path not individually established
windows-sys,0.60.2,registry+https://github.com/rust-lang/crates.io-index,Excluded with Iroh transport replacement,Present in audited Cargo.lock; specific runtime path not individually established
windows-sys,0.61.2,registry+https://github.com/rust-lang/crates.io-index,Excluded with Iroh transport replacement,Present in audited Cargo.lock; specific runtime path not individually established
windows-targets,0.42.2,registry+https://github.com/rust-lang/crates.io-index,Excluded with Iroh transport replacement,Present in audited Cargo.lock; specific runtime path not individually established
windows-targets,0.48.5,registry+https://github.com/rust-lang/crates.io-index,Excluded with Iroh transport replacement,Present in audited Cargo.lock; specific runtime path not individually established
windows-targets,0.52.6,registry+https://github.com/rust-lang/crates.io-index,Excluded with Iroh transport replacement,Present in audited Cargo.lock; specific runtime path not individually established
windows-targets,0.53.5,registry+https://github.com/rust-lang/crates.io-index,Excluded with Iroh transport replacement,Present in audited Cargo.lock; specific runtime path not individually established
windows-threading,0.1.0,registry+https://github.com/rust-lang/crates.io-index,Excluded with Iroh transport replacement,Present in audited Cargo.lock; specific runtime path not individually established
windows-threading,0.2.1,registry+https://github.com/rust-lang/crates.io-index,Excluded with Iroh transport replacement,Present in audited Cargo.lock; specific runtime path not individually established
windows_aarch64_gnullvm,0.42.2,registry+https://github.com/rust-lang/crates.io-index,Excluded with Iroh transport replacement,Present in audited Cargo.lock; specific runtime path not individually established
windows_aarch64_gnullvm,0.48.5,registry+https://github.com/rust-lang/crates.io-index,Excluded with Iroh transport replacement,Present in audited Cargo.lock; specific runtime path not individually established
windows_aarch64_gnullvm,0.52.6,registry+https://github.com/rust-lang/crates.io-index,Excluded with Iroh transport replacement,Present in audited Cargo.lock; specific runtime path not individually established
windows_aarch64_gnullvm,0.53.1,registry+https://github.com/rust-lang/crates.io-index,Excluded with Iroh transport replacement,Present in audited Cargo.lock; specific runtime path not individually established
windows_aarch64_msvc,0.42.2,registry+https://github.com/rust-lang/crates.io-index,Excluded with Iroh transport replacement,Present in audited Cargo.lock; specific runtime path not individually established
windows_aarch64_msvc,0.48.5,registry+https://github.com/rust-lang/crates.io-index,Excluded with Iroh transport replacement,Present in audited Cargo.lock; specific runtime path not individually established
windows_aarch64_msvc,0.52.6,registry+https://github.com/rust-lang/crates.io-index,Excluded with Iroh transport replacement,Present in audited Cargo.lock; specific runtime path not individually established
windows_aarch64_msvc,0.53.1,registry+https://github.com/rust-lang/crates.io-index,Excluded with Iroh transport replacement,Present in audited Cargo.lock; specific runtime path not individually established
windows_i686_gnu,0.42.2,registry+https://github.com/rust-lang/crates.io-index,Excluded with Iroh transport replacement,Present in audited Cargo.lock; specific runtime path not individually established
windows_i686_gnu,0.48.5,registry+https://github.com/rust-lang/crates.io-index,Excluded with Iroh transport replacement,Present in audited Cargo.lock; specific runtime path not individually established
windows_i686_gnu,0.52.6,registry+https://github.com/rust-lang/crates.io-index,Excluded with Iroh transport replacement,Present in audited Cargo.lock; specific runtime path not individually established
windows_i686_gnu,0.53.1,registry+https://github.com/rust-lang/crates.io-index,Excluded with Iroh transport replacement,Present in audited Cargo.lock; specific runtime path not individually established
windows_i686_gnullvm,0.52.6,registry+https://github.com/rust-lang/crates.io-index,Excluded with Iroh transport replacement,Present in audited Cargo.lock; specific runtime path not individually established
windows_i686_gnullvm,0.53.1,registry+https://github.com/rust-lang/crates.io-index,Excluded with Iroh transport replacement,Present in audited Cargo.lock; specific runtime path not individually established
windows_i686_msvc,0.42.2,registry+https://github.com/rust-lang/crates.io-index,Excluded with Iroh transport replacement,Present in audited Cargo.lock; specific runtime path not individually established
windows_i686_msvc,0.48.5,registry+https://github.com/rust-lang/crates.io-index,Excluded with Iroh transport replacement,Present in audited Cargo.lock; specific runtime path not individually established
windows_i686_msvc,0.52.6,registry+https://github.com/rust-lang/crates.io-index,Excluded with Iroh transport replacement,Present in audited Cargo.lock; specific runtime path not individually established
windows_i686_msvc,0.53.1,registry+https://github.com/rust-lang/crates.io-index,Excluded with Iroh transport replacement,Present in audited Cargo.lock; specific runtime path not individually established
windows_x86_64_gnu,0.42.2,registry+https://github.com/rust-lang/crates.io-index,Excluded with Iroh transport replacement,Present in audited Cargo.lock; specific runtime path not individually established
windows_x86_64_gnu,0.48.5,registry+https://github.com/rust-lang/crates.io-index,Excluded with Iroh transport replacement,Present in audited Cargo.lock; specific runtime path not individually established
windows_x86_64_gnu,0.52.6,registry+https://github.com/rust-lang/crates.io-index,Excluded with Iroh transport replacement,Present in audited Cargo.lock; specific runtime path not individually established
windows_x86_64_gnu,0.53.1,registry+https://github.com/rust-lang/crates.io-index,Excluded with Iroh transport replacement,Present in audited Cargo.lock; specific runtime path not individually established
windows_x86_64_gnullvm,0.42.2,registry+https://github.com/rust-lang/crates.io-index,Excluded with Iroh transport replacement,Present in audited Cargo.lock; specific runtime path not individually established
windows_x86_64_gnullvm,0.48.5,registry+https://github.com/rust-lang/crates.io-index,Excluded with Iroh transport replacement,Present in audited Cargo.lock; specific runtime path not individually established
windows_x86_64_gnullvm,0.52.6,registry+https://github.com/rust-lang/crates.io-index,Excluded with Iroh transport replacement,Present in audited Cargo.lock; specific runtime path not individually established
windows_x86_64_gnullvm,0.53.1,registry+https://github.com/rust-lang/crates.io-index,Excluded with Iroh transport replacement,Present in audited Cargo.lock; specific runtime path not individually established
windows_x86_64_msvc,0.42.2,registry+https://github.com/rust-lang/crates.io-index,Excluded with Iroh transport replacement,Present in audited Cargo.lock; specific runtime path not individually established
windows_x86_64_msvc,0.48.5,registry+https://github.com/rust-lang/crates.io-index,Excluded with Iroh transport replacement,Present in audited Cargo.lock; specific runtime path not individually established
windows_x86_64_msvc,0.52.6,registry+https://github.com/rust-lang/crates.io-index,Excluded with Iroh transport replacement,Present in audited Cargo.lock; specific runtime path not individually established
windows_x86_64_msvc,0.53.1,registry+https://github.com/rust-lang/crates.io-index,Excluded with Iroh transport replacement,Present in audited Cargo.lock; specific runtime path not individually established
winnow,1.0.3,registry+https://github.com/rust-lang/crates.io-index,Excluded with Iroh transport replacement,Present in audited Cargo.lock; specific runtime path not individually established
wit-bindgen,0.51.0,registry+https://github.com/rust-lang/crates.io-index,Excluded with Iroh transport replacement,Present in audited Cargo.lock; specific runtime path not individually established
wit-bindgen,0.57.1,registry+https://github.com/rust-lang/crates.io-index,Excluded with Iroh transport replacement,Present in audited Cargo.lock; specific runtime path not individually established
wit-bindgen-core,0.51.0,registry+https://github.com/rust-lang/crates.io-index,Excluded with Iroh transport replacement,Present in audited Cargo.lock; specific runtime path not individually established
wit-bindgen-rust,0.51.0,registry+https://github.com/rust-lang/crates.io-index,Excluded with Iroh transport replacement,Present in audited Cargo.lock; specific runtime path not individually established
wit-bindgen-rust-macro,0.51.0,registry+https://github.com/rust-lang/crates.io-index,Excluded with Iroh transport replacement,Present in audited Cargo.lock; specific runtime path not individually established
wit-component,0.244.0,registry+https://github.com/rust-lang/crates.io-index,Excluded with Iroh transport replacement,Present in audited Cargo.lock; specific runtime path not individually established
wit-parser,0.244.0,registry+https://github.com/rust-lang/crates.io-index,Excluded with Iroh transport replacement,Present in audited Cargo.lock; specific runtime path not individually established
wmi,0.17.3,registry+https://github.com/rust-lang/crates.io-index,Excluded with Iroh transport replacement,Present in audited Cargo.lock; specific runtime path not individually established
writeable,0.6.3,registry+https://github.com/rust-lang/crates.io-index,Excluded with Iroh transport replacement,Present in audited Cargo.lock; specific runtime path not individually established
ws_stream_wasm,0.7.5,registry+https://github.com/rust-lang/crates.io-index,Excluded with Iroh transport replacement,Present in audited Cargo.lock; specific runtime path not individually established
xml-rs,0.8.28,registry+https://github.com/rust-lang/crates.io-index,Excluded with Iroh transport replacement,Present in audited Cargo.lock; specific runtime path not individually established
xmltree,0.10.3,registry+https://github.com/rust-lang/crates.io-index,Excluded with Iroh transport replacement,Present in audited Cargo.lock; specific runtime path not individually established
yoke,0.8.3,registry+https://github.com/rust-lang/crates.io-index,Excluded with Iroh transport replacement,Present in audited Cargo.lock; specific runtime path not individually established
yoke-derive,0.8.2,registry+https://github.com/rust-lang/crates.io-index,Excluded with Iroh transport replacement,Present in audited Cargo.lock; specific runtime path not individually established
z32,1.3.0,registry+https://github.com/rust-lang/crates.io-index,Excluded with Iroh transport replacement,Present in audited Cargo.lock; specific runtime path not individually established
zerocopy,0.8.50,registry+https://github.com/rust-lang/crates.io-index,Excluded with Iroh transport replacement,Present in audited Cargo.lock; specific runtime path not individually established
zerocopy-derive,0.8.50,registry+https://github.com/rust-lang/crates.io-index,Excluded with Iroh transport replacement,Present in audited Cargo.lock; specific runtime path not individually established
zerofrom,0.1.8,registry+https://github.com/rust-lang/crates.io-index,Excluded with Iroh transport replacement,Present in audited Cargo.lock; specific runtime path not individually established
zerofrom-derive,0.1.7,registry+https://github.com/rust-lang/crates.io-index,Excluded with Iroh transport replacement,Present in audited Cargo.lock; specific runtime path not individually established
zeroize,1.8.2,registry+https://github.com/rust-lang/crates.io-index,Excluded with Iroh transport replacement,Present in audited Cargo.lock; specific runtime path not individually established
zeroize_derive,1.4.3,registry+https://github.com/rust-lang/crates.io-index,Excluded with Iroh transport replacement,Present in audited Cargo.lock; specific runtime path not individually established
zerotrie,0.2.4,registry+https://github.com/rust-lang/crates.io-index,Excluded with Iroh transport replacement,Present in audited Cargo.lock; specific runtime path not individually established
zerovec,0.11.6,registry+https://github.com/rust-lang/crates.io-index,Excluded with Iroh transport replacement,Present in audited Cargo.lock; specific runtime path not individually established
zerovec-derive,0.11.3,registry+https://github.com/rust-lang/crates.io-index,Excluded with Iroh transport replacement,Present in audited Cargo.lock; specific runtime path not individually established
zmij,1.0.21,registry+https://github.com/rust-lang/crates.io-index,Excluded with Iroh transport replacement,Present in audited Cargo.lock; specific runtime path not individually established
